ptfkuubpyy;E' stata respinta la prova che nega che A è uguale
pxvpfrjqnb;Quale fra le carte della seconda serie completa la
osvluiqhbp;Nei seguenti esempi vengono riportati alcuni nomin
ptwccskjcf;Osserva questa serie numerica: 3, 6, 11, 18, 27...
heohdfuqpi;Due padri, due figli, un nonno e un nipote vanno a
uoohruqjig;Indica i numeri che mancano per completare la seri
kzorhoohrb;Se Paola ama la cioccolata, La cioccolata è un dol
wpfhnhktzw;Se "A implica B" quale delle seguenti frasi è vera
islhstwuay;Quale delle seguenti condizioni è equivalente a: n
qmzlhizqng;Se quando piove prendo l' ombrello, quale delle se
flsdkdhwpz;Quanti sono i numeri interi positivi di 7 cifre di
jwvreihjvv;Tutti gli avvocati sono prolissi, Giorgio ama la m
vtjiowgfxp;Se la mia motocicletta ha benzina allora può funzi
obwqtgpxek;Relativamente alla seguente rappresentazione di Eu
jnxymdjdxl;Come può essere espressa la relazione tra le segue
fclxhnodej;Come può essere espressa la relazione tra le segue
kprsxjkubz;Aggiungi il numero che completa la serie: 3, 7, 15
fvwcpjdfai;Individua il nome della città da scartare: ( ) 
jygnlagbhv;Quale, tra questi diagrammi, rappresenta la relazi
iesmuuktcs;Il signor Euclide gioca con due numeri interi posi
zegfndrnwr;Un uomo di 100 kg e due donne di 50 kg arrivano al
cidpdlimnu;Un commerciante compra un pezzo di panno ed un pez
gilviisrcb;Relativamente alla seguente rappresentazione di Eu
iojsfvnpii;Se:K viene prima di C;Y viene prima di C;C vien
cfxigdfgsu;Relativamente alla seguente rappresentazione di Eu
lhuxxlqtyz;Se quando piove prendo l' ombrello, quali delle se
kkhcmynavp;In un cortile ci sono polli con due zampe, conigli
poiuytrewq;Relativamente alla seguente rappresentazione di Eu
ungslccrdw;Osserva questa serie numerica: 5, 10, 17, 26, ....
aelkshwnzj;L’ipotenusa AC di un triangolo rettangolo è suddiv
bfmfxcudzq;Scegliere la negazione di: Il cane abbaia e salta.
voqwkjnxuv;Relativamente alla seguente rappresentazione di Eu
okklvldqlc;Ogni uomo è mortale. Picasso è morto. Tutti gli sp
jgcxaxgrrw;Completare le seguenti sequenze di lettere: C,F,I,
pfctjunpxs;Osserva questa serie numerica: 4, 7, 12, 21, 38 ..
zqrfurehmz;Osserva questa serie numerica: 2, 5, 12, 27, 58, ?
bojihohutw;In un aia ci sono tre tipi di animali: polli con d
fupxesqveq;Se:Paola ama la cioccolata La cioccolata è un dol
upmqfdzqqd;Un magico rettangolo di cuoio di Kangourou si ridu
mnrnuysydx;Osserva questa serie numerica: 2, 4, 8, 14, 22, ..
nrawevuhkv;Individua la figura che prosegue coerentemente la 
fpiajgnnfb;Tre signori molto onesti ed educati cenano in una 
xnyfhvvlzx;Osserva questa serie numerica: 3, 1, 7, 7, 11, 13,
qbnjsxmnxx;Osserva questa serie numerica: 1, 2, 4, 8, 12, ...
ljypeljfkh;Relativamente alla seguente rappresentazione di Eu
heusbnnnto;Tre castori entrano in un ascensore al nono piano 
uoztprdkre;Cinque ragazze, tra cui Silvia, hanno comperato al
hxsywnmxdd;Non passa giorno che qualcuno non arrivi a scuola 
wfthuqobvv;Nel gioco "indovina il numero" il primo giocatore 
lrqrblychp;Tutti gli uomini sono mortali, Socrate è un uomo, 
wqkhvmdpol;Indicare la figura che completa la serie: [IMG lo
tnmucbefiy;Tutti gli uomini sono mortali, Socrate è un uomo, 
xmqopkamew;Osserva questa serie numerica: 1, 2, 4, 7, 11, ...
ectvbesohs;Filippo si sveglia all'alba per andare a pesca. No
zcflqcwpgh;Quale, tra questi diagrammi, rappresenta la relazi
ukafbvkjxl;Una scatola contiene 100 palle colorate. Di queste
ccsofpywab;Relativamente alla seguente rappresentazione di Eu
fbekkymdja;Come può essere espressa la relazione tra le segue
jomkrqdwwr;Se "A implica B" quale delle seguenti frasi è vera
bdwjgxtdsm;Traccia : Non è incoretto non negare che non lo pu
ribhqompcp;In un aia ci sono tre tipi di animali: polli con d
gxushjkzth;Ogni uomo è mortale, Socrate è morto.Cosa posso d
lqyvhqfmqd;Come può essere espressa la relazione tra le segue
mfycpmjyzc;Individuare, tra le alternative proposte, il termi
diucioyoxo;Se "A implica B" quali delle seguenti frasi sono v
bajsownqty;Individua la figura che completa la seguente succe
efbcntiwcr;Tre cannibali e tre missionari arrivano sulla spon
cxjganjqsl;Quale numero è tanto superiore a 10 quanto è infer
pfsvqgsfen;Osserva questa serie numerica: 1, 5, 2, 10, 3, ...
oaszeadbqh;Quattro fratelli si chiamano Aldo, Bernardo, Carlo
tpfgrbtdur;Se tre giorni fa era il giorno prima di venerdì, c
cxwrjrltfv;Se ZEP significa cifra(singola) divisibile per 5,Z
cfkjhtcjjp;Una bicicletta percorre in cinque minuti un tratto
hacwlyvymr;Inserisci il numero che manca: 8, 10, 14, 8, 20, 6
bkfstjjeaw;Un quadrato Q è piastrellato da 34 quadrati più pi
xvbullwvol;La ripartizione per titolo di studio, dei dipenden
zrehhcvjyl;Completa la serie: 9 15 21 27 ? ( ) 19( ) 24 (*
sucpsfikqd;Se quando piove prendo l' ombrello, quale delle se
qfxndoiusk;Quanti numeri da 1 a 100 sono divisibili sia per 3
zvlwoledbc;Relativamente alla seguente rappresentazione di Eu
dpzaqasqro;Se quando piove prendo l' ombrello, quale delle se
elbottcdse;Indica il numero che manca: 4 9 20 43 ? ( ) 86 (
ngtquzulpk;Una lumaca sta inerpicandosi lungo un muro alto 3 
mhaimflmrt;Relativamente alla seguente rappresentazione di Eu
zptjzdwilf;Un pastore arriva presso un fiume con una capra, u
qsqbqjczyv;Relativamente alla seguente rappresentazione di Eu
ifrcopoblv;Ho 8,22 euro con cui voglio comprare due dolcetti 
